Model,MAE,MSE,RMSE,R2
Random Forest,3049.126715979143,23483264.19877055,4845.953383883356,0.8713760892770059
Linear Regression,5341.424573537342,61204859.79972234,7823.353488097182,0.6647651554716567
Decision Tree,6320.185282097472,80929287.70798321,8996.070681579999,0.5567293631363177
